referenceSet,testSet,moduleLabel,moduleSize,medianRank.qual,propVarExplained.qual,meanSignAwareKME.qual,meanSignAwareCorDat.qual,meanAdj.qual,meanClusterCoeff.qual,meanMAR.qual,medianRank.pres,medianRankDensity.pres,medianRankConnectivity.pres,propVarExplained.pres,meanSignAwareKME.pres,meanSignAwareCorDat.pres,meanAdj.pres,meanClusterCoeff.pres,meanMAR.pres,cor.kIM,cor.kME,cor.kMEall,cor.cor,cor.clusterCoeff,cor.MAR,accuracy,minusLogFisherP,coClustering,separability.qual,separability.pres,Zsummary.qual,Z.propVarExplained.qual,Z.meanSignAwareKME.qual,Z.meanSignAwareCorDat.qual,Z.meanAdj.qual,Z.meanClusterCoeff.qual,Z.meanMAR.qual,log.psummary.qual,log.p.propVarExplained.qual,log.p.meanSignAwareKME.qual,log.p.meanSignAwareCorDat.qual,log.p.meanAdj.qual,log.p.meanClusterCoeff.qual,log.p.meanMAR.qual,log.p.Bonfsummary.qual,log.p.Bonf.propVarExplained.qual,log.p.Bonf.meanSignAwareKME.qual,log.p.Bonf.meanSignAwareCorDat.qual,log.p.Bonf.meanAdj.qual,log.p.Bonf.meanClusterCoeff.qual,log.p.Bonf.meanMAR.qual,Zsummary.pres,Zdensity.pres,Zconnectivity.pres,Z.propVarExplained.pres,Z.meanSignAwareKME.pres,Z.meanSignAwareCorDat.pres,Z.meanAdj.pres,Z.meanClusterCoeff.pres,Z.meanMAR.pres,Z.cor.kIM,Z.cor.kME,Z.cor.kMEall,Z.cor.cor,Z.cor.clusterCoeff,Z.cor.MAR,log.psummary.pres,log.pdensity.pres,log.pconnectivity.pres,log.p.propVarExplained.pres,log.p.meanSignAwareKME.pres,log.p.meanSignAwareCorDat.pres,log.p.meanAdj.pres,log.p.meanClusterCoeff.pres,log.p.meanMAR.pres,log.p.cor.kIM,log.p.cor.kME,log.p.cor.kMEall,log.p.cor.cor,log.p.cor.clusterCoeff,log.p.cor.MAR,log.p.Bonfsummary.pres,log.p.Bonfdensity.pres,log.p.Bonfconnectivity.pres,log.p.Bonf.propVarExplained.pres,log.p.Bonf.meanSignAwareKME.pres,log.p.Bonf.meanSignAwareCorDat.pres,log.p.Bonf.meanAdj.pres,log.p.Bonf.meanClusterCoeff.pres,log.p.Bonf.meanMAR.pres,log.p.Bonf.cor.kIM,log.p.Bonf.cor.kME,log.p.Bonf.cor.kMEall,log.p.Bonf.cor.cor,log.p.Bonf.cor.clusterCoeff,log.p.Bonf.cor.MAR,Z.accuracy,Z.minusLogFisherP,Z.coClustering,log.p.accuracy,log.p.minusLogFisherP,log.p.coClustering,log.p.Bonf.accuracy,log.p.Bonf.minusLogFisherP,log.p.Bonf.coClustering,Z.separability.qual,log.p.separability.qual,log.p.Bonf.separability.qual,Z.separability.pres,log.p.separability.pres,log.p.Bonf.separability.pres
Low,High,black,1065,17.5,0.510790110877362,0.700083702777273,0.489908139367735,0.0693145655119128,0.127382639843893,0.155595042164561,15,15,15,0.203100632783218,0.26045507439681,0.0945225321239236,0.0119728552232599,0.0560580071282435,0.0912602143533604,0.268315737592942,0.218645685836655,0.464981031849545,0.206039970874859,0.182909551805174,0.248636610845354,0.168075117370892,23.5419226066847,0.0740089660771647,0.280700692083514,0.0749163786681929,47.0066208117744,26.2754555049768,24.7882542758175,381.213386750877,67.7377861185721,4.5132602646361,0.678115464055504,-575.163854033766,-151.737627015277,-135.221801490725,-31559.6090866933,-998.590081052255,-5.49594662560907,-0.604063675581606,-573.885100432813,-150.458873414324,-133.943047889772,-31558.3303330924,-997.311327451302,-4.21719302465624,0,12.9211879615887,15.042330426887,10.8000454962903,-2.54611625134807,23.437174563639,140.852112958752,6.64748629013507,-5.83491155118211,-7.01595971139954,9.20699031489302,10.8000454962903,76.7862092568136,122.159493478023,6.90892149715674,9.1092340554626,-46.3511200165114,-65.9378102103542,-26.7644298226687,-0.00237182602057447,-121.049011758921,-4310.60098152284,-10.8266086617872,-1.16866710508592e-09,-4.95911879759383e-13,-19.7754708897228,-26.7644298226687,-1282.61105664365,-3242.96169517078,-11.6122969436312,-19.3821318586478,-45.0723664155586,-64.6590566094014,-25.4856762217158,0,-119.770258157968,-4309.32222792188,-9.54785506083437,0,0,-18.4967172887699,-25.4856762217158,-1281.33230304269,-3241.68294156982,-10.3335433426784,-18.103378257695,3.80465799369399,39.79241762315,-3.99017671365342,-4.1487408781321,-345.838031362954,-1.43371846528977e-05,-2.86998727717928,-344.559277762001,0,265.147188131316,-15268.9318765247,-15267.6531229237,18.2582954100842,-74.0512095535003,-72.7724559525474
Low,High,blue,951,13,0.553903882749671,0.727429189339492,0.529051635541114,0.0986204971309279,0.190213920306411,0.207314563017818,8,8.5,7,0.303938935288254,0.382319930164933,0.153858718719996,0.0275719226261343,0.119541082016592,0.142004395063502,0.621313333443271,0.459143941181479,0.476037132359641,0.342868291710744,0.468462307255661,0.558515744775995,0.381703470031546,157.251199661557,0.17180806906857,0.300699174573128,0.186768740647374,67.5155687966125,31.5288469603216,27.6280135251674,368.06668555069,103.502290632904,20.0963473337369,14.8578141199666,-1273.20498746854,-217.757398732199,-167.5910442775,-29420.5716532699,-2328.65257620489,-89.401050260897,-49.5092514706762,-1271.92623386759,-216.478645131246,-166.312290676547,-29419.292899669,-2327.37382260394,-88.1222966599442,-48.2304978697234,34.5385057105558,44.1973410323547,24.879670388757,14.8672768220009,34.3025948439991,220.286475109847,54.0920872207103,18.5996501130699,11.6960863299521,17.6527099485778,24.879670388757,84.9615680407055,202.208046788039,13.8562933794661,15.9893392699637,-291.83971702069,-447.470093125111,-136.209340916269,-49.5706046352425,-257.44499776127,-10540.0575726831,-637.495188488952,-76.7912743046849,-31.1756519965258,-69.3143095131582,-136.209340916269,-1569.79879223487,-8881.44173921326,-43.2345600386204,-57.120242901288,-290.560963419737,-446.191339524158,-134.930587315317,-48.2918510342897,-256.166244160317,-10538.7788190821,-636.216434887999,-75.5125207037321,-29.8968983955729,-68.0355559122054,-134.930587315317,-1568.52003863392,-8880.16298561231,-41.9558064376676,-55.8414893003352,27.2173760610118,308.811236278957,34.9794967897949,-162.694060898808,-20711.0007141072,-267.637064074777,-161.415307297855,-20709.7219605063,-266.358310473824,4.16404371238366,-4.80595737330659,-3.52720377235376,60.5346061639738,-797.903931432711,-796.625177831758
Low,High,brown,1349,7.5,0.600083755511858,0.755205165273679,0.570265673650443,0.128511988529621,0.24154871896544,0.22955549999967,4,5.5,3,0.389351339334602,0.41693880092457,0.184651503514116,0.0438757965692006,0.143759188031879,0.170141628259043,0.691356152772717,0.569020125673819,0.542470722808465,0.429656536757521,0.585305003658634,0.637486108279183,0.409191994069681,186.08200058813,0.219608766137352,0.246431059026967,0.266716442353906,107.832594231029,45.0757848467424,37.2449890202471,470.361919629255,170.589403615315,39.4523492110695,24.6425670908762,-3382.51810058558,-443.258739126926,-303.194779301308,-48044.7999514771,-6321.77746204423,-339.982485376634,-133.655477587985,-3381.23934698463,-441.979985525974,-301.916025700355,-48043.5211978762,-6320.49870844328,-338.703731775681,-132.376723987032,56.8090047457859,78.1225178742883,35.4954916172835,33.6726948211226,37.2818805137024,321.515536350987,118.963155234874,32.7021998140676,25.296565350063,24.7400597738841,35.4954916172835,91.8561970574614,295.244688623418,20.8947535286397,24.0726918459807,-982.616198589862,-1689.69248299464,-275.539914185085,-248.139230906393,-303.792234901034,-22449.903028074,-3075.59273108824,-234.138686887055,-140.75886882529,-134.702630207299,-275.539914185085,-1834.55532786905,-18931.4696630638,-96.5245876583183,-127.616991060443,-981.337444988909,-1688.41372939369,-274.261160584132,-246.86047730544,-302.513481300081,-22448.6242744731,-3074.31397748729,-232.859933286103,-139.480115224337,-133.423876606346,-274.261160584132,-1833.27657426809,-18930.1909094629,-95.2458340573655,-126.33823745949,37.915778323786,429.645979040882,69.7203339444243,-314.150441353361,-40087.4720501602,-1057.77898338345,-312.871687752409,-40086.1932965592,-1056.5002297825,151.0728471447,-4958.53089270747,-4957.25213910651,104.884312650796,-2391.19562801036,-2389.9168744094
Low,High,cyan,1125,15,0.551474749303785,0.725476752591717,0.526317681853249,0.0882783165755397,0.151848453523394,0.172329934721169,16,13.5,17,0.219512319932764,0.055907771904647,0.0976277874307948,0.0137505600909162,0.0640649866049108,0.104647774687761,0.244812546626568,0.0926358002130665,0.36113041064196,0.177379750250727,0.128640014775616,0.164518320668006,0.156444444444444,40.9203587183786,0.0821921708185053,0.258144884075897,0.0749163786681929,68.4993926689563,36.2268429031994,32.4168052092797,376.203766533944,100.771942434713,12.4192238395121,6.08763744066719,-1247.23418001921,-286.939047245933,-230.099289906379,-30735.6658692108,-2207.5293127925,-34.9881211319827,-9.2418870797431,-1245.95542641826,-285.66029364498,-228.820536305426,-30734.3871156099,-2206.25055919154,-33.7093675310299,-7.96313347879027,8.05148137201538,7.90205993277983,8.20090281125093,0.614654646807643,3.92292978183819,159.804132285383,11.8811900837215,-2.49657347098945,-1.98472379673108,8.20090281125093,3.47133050492502,64.0129133565103,114.19456093651,4.05410691050809,5.44922152176773,-17.0839872847581,-18.2445938391746,-15.9233807303416,-0.569616258866323,-4.35912790855683,-5547.97011115494,-32.1300597697924,-0.00273159213480037,-0.0103667160393536,-15.9233807303416,-3.58679569307774,-891.999523363624,-2834.14316042818,-4.59923587387302,-7.59695871319091,-15.8052336838053,-16.9658402382218,-14.6446271293888,0,-3.080374307604,-5546.69135755399,-30.8513061688396,0,0,-14.6446271293888,-2.30804209212491,-890.720769762671,-2832.86440682723,-3.32048227292019,-6.31820511223809,2.57837341035482,80.044338923915,-0.475191418272355,-2.30422657017352,-1393.58574930137,-0.165786173812626,-1.02547296922069,-1392.30699570042,0,284.595658647987,-17590.6265545584,-17589.3478009574,16.4327133446845,-60.2535456846473,-58.9747920836945
Low,High,darkgreen,364,12,0.567028085604078,0.742059782805788,0.54966148240002,0.0984488988280461,0.1650654269248,0.202867709949783,14,16,13,0.187658242199446,0.251518554264749,0.086207450058802,0.0149800031120099,0.0915356210608123,0.131306553965314,0.382765249449141,0.185052389616482,0.430130499337988,0.242213960022763,0.327177906619924,0.409454497100608,0.129120879120879,11.3480534955798,0.0729119365483002,0.280700692083514,0.140963754762745,39.4596898839469,18.7224957578066,16.6807854295043,196.998056593388,60.1968840100871,8.14286836001012,8.38246688751083,-433.418657141186,-77.7897074481653,-62.0437698049167,-8429.79456785661,-789.047606834207,-15.7144180613042,-16.5864506521665,-432.139903540233,-76.5109538472125,-60.7650162039639,-8428.51581425566,-787.768853233254,-14.4356644603514,-15.3076970512137,9.51301230493537,11.4402774976664,7.58574711220437,-2.58006090257785,14.5926779166352,57.2967381586557,8.28787707869748,3.49067779840044,5.0102415613966,7.58574711220437,4.06670724867126,71.1916356441246,62.4108383162319,6.65561194972103,8.23381196120422,-22.9021735853452,-32.0225893249942,-13.7817578456962,-0.0021503580958161,-47.8059313738764,-715.033547913389,-16.239247276112,-3.61816598342007,-6.56573651534929,-13.7817578456962,-4.62267479534306,-1102.80788824982,-848.007445918239,-10.8505904016951,-16.0425165681045,-21.6234199843923,-30.7438357240414,-12.5030042447433,0,-46.5271777729236,-713.754794312436,-14.9604936751592,-2.33941238246724,-5.28698291439646,-12.5030042447433,-3.34392119439023,-1101.52913464887,-846.728692317287,-9.57183680074231,-14.7637629671517,-0.978243339228834,21.6478681604777,-2.2960371804751,-0.0777817708280045,-103.497180972567,-0.00473208329472467,0,-102.218427371614,0,131.828151993682,-3776.24755356631,-3774.96879996536,14.2153153454251,-45.4340396971323,-44.1552860961795
Low,High,darkgrey,717,11,0.579133300071744,0.746829556515312,0.557301908507719,0.107603095378819,0.18869505979603,0.204794231386246,10,10,10,0.280105766751772,0.367585388663406,0.154155894398605,0.0221756424452801,0.088525903755685,0.124266652751571,0.457563081206495,0.359633450823467,0.539119048405186,0.35026208126858,0.347744219175148,0.462690820582482,0.152022315202232,30.1026367449338,0.0851507289061343,0.286485938970671,0.326311440218282,63.7425583453734,29.3971250489581,24.9939892291661,343.435063015082,98.0879916417887,17.4799301415396,12.8060628883816,-1140.5720564561,-189.524578760744,-137.449390282534,-25614.9400856472,-2091.61953415145,-67.9919355479345,-37.120229922554,-1139.29330285515,-188.245825159791,-136.170636681581,-25613.6613320462,-2090.3407805505,-66.7131819469816,-35.8414763216012,22.0541973809751,28.3708055367682,15.737589225182,8.21034666336431,25.6975007618112,153.910690210796,31.0441103117253,5.48236298572901,4.7228241798767,11.849819948463,15.737589225182,102.648099294524,168.177916817009,9.22510258231341,11.9808152190038,-116.781903423425,-178.184813064263,-55.3789937825874,-15.9575213640388,-145.205323626961,-5146.47891618931,-211.164302501565,-7.67810963973185,-5.93443537531709,-31.9672731606436,-55.3789937825874,-2290.4111124841,-6144.37654957258,-19.8487993538222,-32.6498514198074,-115.503149822472,-176.90605946331,-54.1002401816346,-14.678767763086,-143.926570026008,-5145.20016258835,-209.885548900612,-6.39935603877902,-4.65568177436426,-30.6885195596908,-54.1002401816346,-2289.13235888315,-6143.09779597163,-18.5700457528694,-31.3710978188546,1.40156927205896,71.5844760966653,0.651430214984531,-1.09408569413864,-1114.98968209689,-0.58941776949271,0,-1113.71092849594,0,198.065479240746,-8521.36785512726,-8520.08910152631,91.7944563420613,-1832.09286357555,-1830.8141099746
Low,High,darkorange,116,1,0.701496339376824,0.829782468876085,0.686159150421409,0.204890169903639,0.294435272031574,0.317089265083185,8,8,8,0.301939458562755,0.409756946683924,0.184303482894242,0.0326621554660253,0.129036770255692,0.160181109230742,0.48437394966377,0.471511825523754,0.363767277511911,0.342635848549582,0.386966103907986,0.367171844319959,0.362068965517241,16.1623782662699,0.179910044977511,0.319070036278801,0.253001849607153,46.5672248682744,17.2483429289765,13.7480577491102,100.221646680159,75.8861068075723,16.6545598778025,14.5073679103054,-659.502576729893,-66.2397474334318,-42.5824022133918,-2183.50916507084,-1252.76540602635,-61.853252971496,-47.2643350344121,-658.22382312894,-64.9609938324789,-41.303648612439,-2182.23041146989,-1251.4866524254,-60.5744993705432,-45.9855814334592,10.9908470268405,15.3080535438072,6.67364050987376,3.95837887596951,12.537403820709,35.5424457737747,18.0787032669053,5.52672186276468,5.82665034051997,5.33030136429005,6.67364050987376,62.3187659570707,26.3804257031417,4.1527109211189,4.10168412934605,-32.5175761642222,-54.1312528251565,-10.903899503288,-4.42331209194591,-35.6326314592408,-276.264787753637,-72.6298741910722,-7.7874533992753,-8.54859029358319,-7.30958273536049,-10.903899503288,-845.513053822924,-152.939591173234,-4.78441572460722,-4.68808311596582,-31.2388225632694,-52.8524992242037,-9.62514590233514,-3.14455849099308,-34.3538778582879,-274.986034152684,-71.3511205901194,-6.50869979832247,-7.26983669263036,-6.03082913440766,-9.62514590233514,-844.234300221971,-151.660837572281,-3.50566212365439,-3.40932951501299,9.53038912894288,31.0779853136181,12.933799230435,-21.1059755094591,-211.621736800909,-37.838451713713,-19.8272219085063,-210.342983199956,-36.5596981127602,59.3662062943302,-767.474860098337,-766.196106497384,10.8558136677884,-27.0288803814968,-25.750126780544
Low,High,darkred,538,9,0.588189175058368,0.750150584231615,0.562593950200986,0.117357872951218,0.211308539244396,0.219695599034903,4,5,2,0.335333065779366,0.455636169266088,0.215495135374201,0.0333390593924295,0.114689302539802,0.145572652458381,0.710272744477942,0.573412705944977,0.576397983458752,0.459810477654177,0.631956031923973,0.673010869179105,0.260223048327138,133.370400309806,0.151841775525603,0.220889116951251,0.266716442353906,58.4361405044534,25.9266154366582,21.8171976540371,291.991580150621,90.9456655722487,19.7796272716398,13.8054719980783,-973.092539175027,-147.777550465349,-105.098736420882,-18516.6390785659,-1798.40752788471,-86.6517198481117,-42.9277129189697,-971.813785574075,-146.498796864396,-103.819982819929,-18515.3603249649,-1797.12877428375,-85.3729662471589,-41.6489593180168,30.0491089751683,38.5447588184764,21.5534591318602,12.4433236751044,32.4246995317063,207.236755307553,44.6648181052464,11.2313663587967,9.10376881766944,15.4550458950739,21.5534591318602,93.6751225495119,156.715751129209,13.4100709754626,14.5330858515255,-217.669026640497,-332.728418137913,-102.609635143081,-35.1190635176901,-230.210548729407,-9328.55392152852,-435.24628754642,-28.8446322747756,-19.3602626683987,-53.4574118032253,-102.609635143081,-1907.84401011399,-5335.6928159944,-40.5784924658471,-47.4272758555981,-216.390273039544,-331.44966453696,-101.330881542129,-33.8403099167372,-228.931795128454,-9327.27516792757,-433.967533945467,-27.5658786738227,-18.0815090674459,-52.1786582022725,-101.330881542129,-1906.56525651304,-5334.41406239345,-39.2997388648943,-46.1485222546453,11.0357568669241,248.847136645928,21.3001572296329,-27.8913005492741,-13449.6156498824,-100.247410961623,-26.6125469483213,-13448.3368962815,-98.9686573606706,3.02688523000581,-2.90817877394786,-1.62942517299503,51.3216164629943,-574.055478811,-572.776725210048
Low,High,gold,1000,19,0.335926130342766,0.527707829554669,0.00616779233836429,0.0198721303393805,0.112905425354179,0.155265822026382,16,17,11,0.217470335273098,0.198192675247452,0.0754682985096451,0.00953608946102687,0.0712848008569748,0.108762318190143,0.360188369960999,0.46379365610051,0.487275948667129,0.302155710358616,0.452866956258248,0.473348305111106,NA,NA,NA,0.110920865934097,0.0517606001733194,-0.072661538521165,-0.393898753012733,-0.21648871666181,1.23256439105737,0.0711656396194801,0.147952223671557,0.495762413804564,-0.279361576326678,-0.184972371290011,-0.23232730427252,-0.963095109755854,-0.326395848380835,-0.355374106945299,-0.508594846585371,0,0,0,0,0,0,0,16.9025242447911,9.99119903079891,23.8138494587833,0.0427296463169647,19.9396684152809,154.753751079914,-0.722333848925331,0.220423225388964,-0.2765040453967,10.4743192541445,23.8138494587833,84.7202523649963,211.932782199694,14.5602924564858,14.2864149987552,-84.5482880724369,-44.1758184256179,-124.920757719256,-0.31609016496593,-88.0355466862698,-5202.9879757927,-0.116363898529909,-0.384291054509206,-0.215440101123126,-25.246607826989,-124.920757719256,-1560.90605459865,-9756.00310440503,-47.5999596139239,-45.8762265102007,-83.5102003304808,-43.3783965426585,-123.642004118303,0,-86.756793085317,-5201.70922219175,0,0,0,-23.9678542260362,-123.642004118303,-1559.6273009977,-9754.72435080408,-46.3212060129711,-44.5974729092478,NA,NA,NA,NA,NA,NA,NA,NA,NA,108.582067980065,-2562.61507597425,-2561.3363223733,15.6223700648626,-54.5912167308639,-53.3124631299111
Low,High,lightgreen,179,17.5,0.507655842591346,0.704283952652728,0.493528579321602,0.0650211704312649,0.116698233130154,0.153972579282008,18,16.5,19,0.19641577650101,0.2579887775858,0.0944452360418382,0.0115024314379502,0.0645749601764522,0.0866751129955797,0.152222631295474,0.0274873210849079,0.387582909513297,0.167016786367621,0.0224595068309589,0.22125244058948,0.17877094972067,3.55303396284212,0.074822672776348,0.296312672141387,0.174538186537039,16.5506792878368,9.08434617337448,8.69840973497164,129.054180959942,24.017012402299,-0.184299519773278,0.54585624915436,-73.1586001217591,-19.2826465930726,-17.7739579845344,-3619.09319567205,-127.034553650446,-0.241761441735181,-0.533751835826025,-71.8798465208063,-18.0038929921198,-16.4952043835816,-3617.81444207109,-125.755800049493,0,0,4.28006956495947,6.47029514079529,2.08984398912366,-1.65467803119725,10.8389682114673,32.8018230632972,2.10162207012323,-2.77311087164469,-2.39666545919915,2.08984398912366,-0.858227567717316,69.7029405553274,19.7559840867877,0.377872089278411,2.89693248755849,-8.04323693216825,-14.3493023221929,-1.73717154214363,-0.0218171599080924,-26.948858643511,-235.557048323542,-1.74974600087474,-0.00120734764445861,-0.00360764863774836,-1.73717154214363,-0.0944110161842129,-1057.25228361579,-86.4482251387592,-0.452517208204154,-2.72488355808423,-6.76448333121542,-13.07054872124,-0.458417941190797,0,-25.6701050425582,-234.278294722589,-0.470992399921911,0,0,-0.458417941190797,0,-1055.97353001483,-85.1694715378063,0,-1.4461299571314,1.66140636406733,4.22449395483896,-1.3852744661874,-1.31590965431187,-4.92176386621931,-0.0376232189331313,-0.0371560533590451,-3.64301026526648,0,46.9144808266215,-480.004833580204,-478.726079979251,11.0638956441977,-28.0274236559174,-26.7486700549645
Low,High,midnightblue,296,16,0.522953705461495,0.712637326422579,0.506432457066203,0.0719315366113479,0.125660730856469,0.158116977529682,16,16.5,16,0.217730396133108,0.150520458184733,0.0722203483702033,0.0123998595058325,0.0728509713265388,0.101355292867529,0.326146097355699,0.114943021653091,0.320663987268829,0.187931561354882,0.104516742910385,0.216769804123908,0.148648648648649,5.13464942817442,0.0734997709573981,0.324162731316448,0.126170856816764,23.5049054732253,13.0528427262077,12.3755529216023,171.548139621651,33.9569682202428,1.52862441471974,1.08293200854995,-145.415869123464,-38.5141387314458,-34.7514812308737,-6393.00844301008,-252.317599515483,-1.1994286962226,-0.85567709721185,-144.137115522512,-37.235385130493,-33.4727276299208,-6391.72968940913,-251.03884591453,0,0,5.84757766282178,5.68198010123485,6.01317522440872,-0.132138185599738,7.33892786806998,38.3576324746331,4.02503233439971,-1.1889111460971,-1.02241018014163,6.01317522440872,1.7173254553289,55.6082110466699,37.8421809129319,1.63832680844185,4.02182135728008,-8.89891112553585,-8.75668274330752,-9.04113950776417,-0.257618589323292,-12.9679625558616,-321.473702475016,-4.54540293075347,-0.0541560339339987,-0.0722670560318791,-9.04113950776417,-1.36693712484156,-673.622948899817,-312.938874798147,-1.29519108140441,-4.53947912981178,-7.62015752458302,-7.47792914235469,-7.76238590681135,0,-11.6892089549088,-320.194948874063,-3.26664932980064,0,0,-7.76238590681135,-0.0881835238887301,-672.344195298864,-311.660121197194,-0.0164374804515857,-3.26072552885895,0.327663278753427,6.62019103432513,-2.13109927506591,-0.42994400481634,-10.7462562889593,-0.00724351227289449,0,-9.46750268800645,0,129.034167124609,-3617.97148949402,-3616.69273589307,11.3432543294669,-29.3973489643784,-28.1185953634256
Low,High,orange,152,4,0.616850971225256,0.773865266352724,0.59665650412591,0.13990351168242,0.24100194121969,0.265687923296967,3,3,5,0.433874753226841,0.467166114853333,0.24671292531589,0.0660301130957514,0.177880757310781,0.198069896794662,0.58569210690969,0.479609497828409,0.0834965826089284,0.380343116012516,0.612021289709188,0.563195479516948,0.473684210526316,35.3808567319181,0.24869292436389,0.379699898329507,0.186768740647374,38.2012229688649,15.8054263899245,12.9866101384789,112.068527425895,60.5970195478053,13.3649983659772,12.18989314195,-427.695779558287,-55.8454962896637,-38.1374495231526,-2729.67785968207,-799.54606282691,-40.314988057891,-33.7546323421135,-426.417025957334,-54.5667426887109,-36.8586959221998,-2728.39910608112,-798.267309225957,-39.0362344569382,-32.4758787411606,22.7114816633773,37.1464274652548,8.27653586149974,12.8486555897073,19.8272954731164,76.1033611764854,54.4655594573933,14.142283258913,11.4076948104382,7.90149855196608,8.27653586149974,12.6838293089682,42.9310240820116,7.78970754557015,7.13744524738974,-191.440128987893,-366.682382616144,-16.1978753596426,-37.3589325689679,-87.0627319462072,-1259.9369306946,-646.302033286081,-44.9821093455645,-29.7181282386968,-14.8607979744263,-16.1978753596426,-36.439544290743,-402.250276131503,-14.4738903885822,-12.3229340858565,-190.161375386941,-365.403629015191,-14.9191217586898,-36.0801789680151,-85.7839783452543,-1258.65817709364,-645.023279685129,-43.7033557446116,-28.439374637744,-13.5820443734735,-14.9191217586898,-35.1607906897902,-400.97152253055,-13.1951367876294,-11.0441804849037,16.5067220272383,65.8966587798091,25.4479439160898,-60.7848455714036,-945.151639442825,-142.429496964884,-59.5060919704508,-943.872885841873,-141.150743363931,61.8627518540908,-833.213138238985,-831.934384638032,8.24219586489754,-16.07294165327,-14.7941880523172
Low,High,pink,586,7.5,0.597553636717526,0.762391179977058,0.580780371496882,0.111546990637082,0.17505896527693,0.200771113648041,13,12,15,0.219527364766941,0.29596092042552,0.11081485135729,0.014254643099805,0.0659557427399263,0.0985045139563543,0.299120197803771,0.142554039137272,0.179406546414345,0.197421875860415,-0.0152377193140176,0.14681166537655,0.209897610921502,56.4247095849687,0.0896939995916105,0.307961300279053,0.55564966837766,65.7522602556739,30.5526917292405,26.0388094797525,295.766587101048,100.951828782107,14.1788506817366,11.3246836100665,-1209.99708327154,-204.584380889715,-149.045434507848,-18998.4490372815,-2215.40978565337,-45.2081043143667,-29.3052377590616,-1208.71832967059,-203.305627288762,-147.766680906896,-18997.1702836806,-2214.13103205242,-43.9293507134139,-28.0264841581087,10.9505670195173,14.7220370430031,7.17909699603144,0.285339807840065,20.3727407783425,103.030305539689,9.07133330766372,-2.30645525408928,-2.83835538656326,7.17909699603144,4.02189314231464,28.2242426281741,68.0789596587568,-0.45780286807927,3.44317790758024,-33.9940704795812,-55.5332831714091,-12.4548577877534,-0.41151326266293,-91.8358306809103,-2307.48301196584,-19.2307356619078,-0.00460290080029668,-0.000985808263779027,-12.4548577877534,-4.53961151642954,-174.831457221171,-1008.65423108898,-0.169762396929227,-3.54142184427666,-32.7153168786284,-54.2545295704562,-11.1761041868006,0,-90.5570770799575,-2306.20425836489,-17.951982060955,0,0,-11.1761041868006,-3.26085791547671,-173.552703620218,-1007.37547748803,0,-2.26266824332383,7.04274356088619,122.574147065547,1.88558104086078,-12.0257394973042,-3264.99919959836,-1.52759877745485,-10.7469858963514,-3263.72044599741,-0.248845176502024,217.15012913877,-10242.1356383053,-10240.8568847044,112.757190727802,-2763.3012580924,-2762.02250449145
Low,High,purple,523,6,0.61380073150431,0.767483236037146,0.589043256961366,0.134860748403767,0.229867348095204,0.234287733824027,6,5,10,0.337362845960986,0.443951521921189,0.206042218755455,0.0347842523777962,0.125300995438353,0.156854542123491,0.570344661272964,0.393451681204729,0.5605181811472,0.319257443374644,0.371670521613076,0.541431914815763,0.217973231357553,59.5091293504577,0.129147344747002,0.246431059026967,0.366441691441365,70.3971932172876,28.2569128104832,23.0430874108504,280.127631950477,112.537473624092,24.692651900425,17.1863808173211,-1463.89201751479,-175.232649253098,-117.064128663512,-17042.7140378418,-2752.55138577648,-134.192915399238,-65.7748790380565,-1462.61326391383,-173.953895652145,-115.785375062559,-17041.4352842409,-2751.27263217552,-132.914161798286,-64.4961254371037,29.2676085753987,43.9167753163164,14.618441834481,15.6309296789126,34.1349295457264,199.529877448206,53.6986210869064,14.4987882201684,12.1427881404267,13.0512941245404,14.618441834481,98.7110556137619,120.222382298204,8.25870524416235,13.0499903193159,-244.793449174648,-441.616784438555,-47.9701139107401,-54.6495431104528,-254.951196133898,-8647.80241367428,-628.282372743212,-47.2100404080608,-33.5040806389242,-38.5053096335596,-47.9701139107401,-2118.24852993268,-3140.99964238282,-16.132942023361,-38.4978770053442,-243.514695573695,-440.338030837602,-46.6913603097873,-53.3707895095,-253.672442532945,-8646.52366007333,-627.003619142259,-45.931286807108,-32.2253270379714,-37.2265560326068,-46.6913603097873,-2116.96977633173,-3139.72088878187,-14.8541884224082,-37.2191234043914,6.49318237951979,98.0608463176641,13.4313908875152,-10.3765344200456,-2090.46320832227,-40.7034390816764,-9.09778081909276,-2089.18445472131,-39.4246854807235,232.695893697552,-11760.719829061,-11759.4410754601,59.6617098748082,-775.114773276028,-773.836019675075
Low,High,red,311,10.5,0.578773427464361,0.748220620535355,0.55863961432499,0.107232828813138,0.201083617776336,0.210577900546927,2,2,1,0.467015141238831,0.622202355130708,0.386374966857441,0.0765075269647183,0.195214908795501,0.209828774555195,0.74104082157971,0.588070980996685,0.606640997697395,0.433633613009326,0.608710743691892,0.754084161224864,0.501607717041801,117.43377747177,0.306337516855098,0.443436687385681,0.211090176358904,36.3485115109696,17.7277503957812,15.9069371838847,175.720727052768,54.9692726261579,11.6524662316708,7.84373929645157,-364.084330480836,-69.8926586137415,-56.5472838826741,-6707.66733956684,-658.27600234793,-30.9528951520123,-14.6602261353651,-362.805576879883,-68.6139050127886,-55.2685302817213,-6706.38858596589,-656.997248746977,-29.6741415510595,-13.3814725344122,43.9293622394078,72.2435539878435,15.615170490972,25.0565758321421,33.2261495347602,214.295624916239,111.260958440927,25.9895132109588,19.7494083049175,13.2647034221627,15.615170490972,92.7283290302863,83.5529419149741,10.496015207415,13.4099789578109,-760.310560704515,-1466.07893901943,-54.5421823895973,-138.130685596777,-241.646524880055,-9974.69922644654,-2690.51135315881,-148.487674226422,-86.3916710324806,-39.7317904392899,-54.5421823895973,-1869.51624254642,-1518.24643708156,-25.3462866040765,-40.5779536164513,-759.031807103562,-1464.80018541848,-53.2634287886445,-136.851931995824,-240.367771279102,-9973.42047284558,-2689.23259955786,-147.208920625469,-85.1129174315278,-38.4530368383371,-53.2634287886445,-1868.23748894546,-1516.96768348061,-24.0675330031237,-39.2992000154984,24.9250988899965,236.278801645025,48.9636501870832,-136.701438446943,-12125.5974892182,-522.686417489732,-135.42268484599,-12124.3187356173,-521.407663888779,190.839806772277,-7911.14577273267,-7909.86701913172,21.4450173282447,-101.5949327643,-100.316179163347
Low,High,royalblue,157,3,0.624423412681579,0.782905510735097,0.610700857923961,0.12477963114329,0.179712293073502,0.213131209331887,11,8.5,14,0.26840937719169,0.454564772634132,0.205724023834894,0.0220500155854186,0.0863316679734961,0.117875113728979,0.154591723412425,0.147309304652367,0.550397768020821,0.249221877488915,0.131472548893737,0.220203149781699,0.229299363057325,26.4633743457778,0.118406010125755,0.314547508408811,0.555845826781455,32.4999450829689,14.9442011697636,12.7682097574929,125.116582300763,50.0556889961742,7.08903294468645,6.70253518676936,-298.12377897605,-50.0707944183087,-36.9087466420972,-3401.75390499539,-546.176763533791,-12.1705277635886,-10.9896274627254,-296.845025375097,-48.7920408173559,-35.6299930411444,-3400.47515139443,-544.898009932838,-10.8917741626357,-9.71087386177262,8.18746033123136,14.534411566394,1.84050909606875,2.84711621322465,16.9153123075897,61.806477766349,12.1535108251983,0.664835749288242,1.86703047990055,1.80356891265085,1.84050909606875,97.8354428912601,24.799147266382,1.7313213977602,2.82721826159098,-25.0721950709389,-48.6608827457624,-1.48350739611536,-2.65642152469095,-63.7607350086893,-831.701534542448,-33.5610304828354,-0.596745988588304,-1.50935806914487,-1.44794708573261,-1.48350739611536,-2080.87392180898,-135.339284869109,-1.37989280999008,-2.62935450911446,-23.793441469986,-47.3821291448096,-0.204753795162527,-1.37766792373812,-62.4819814077365,-830.422780941495,-32.2822768818826,0,-0.230604468192037,-0.169193484779779,-0.204753795162527,-2079.59516820803,-134.060531268157,-0.101139209037248,-1.35060090816163,4.00563996246655,60.1274908494351,5.33014169351476,-4.50969171416284,-787.233994321621,-7.30920089259491,-3.23093811321001,-785.955240720668,-6.03044729164208,82.347675861254,-1474.82058595265,-1473.5418323517,28.2023342409712,-174.562680081292,-173.28392648034
Low,High,salmon,198,2,0.642442480135097,0.796096889807387,0.632047912516521,0.129805517682123,0.177857910185492,0.201307782624629,17,16.5,17,0.219040602952654,0.160959434638084,0.087608482005967,0.0115521554824028,0.0662864436599365,0.0886139021758606,0.16189944796098,0.039288404628315,0.348445097585251,0.250519121057278,0.068667003046353,0.0793164241267738,0.126262626262626,9.34361563848205,0.0729631338768395,0.220889116951251,0.0800906727675225,41.4687847808841,19.0943677663187,16.0252127082882,163.815500554149,63.8432017954495,8.00878386005727,6.44030350768799,-484.069258659228,-80.8519506707897,-57.3705962718273,-5829.8722024818,-887.286566647665,-15.2371403139368,-10.2246268707478,-482.790505058275,-79.5731970698369,-56.0918426708745,-5828.59344888085,-886.007813046712,-13.958386712984,-8.945873269795,3.33428093603257,4.25531481209407,2.41324705997107,-0.064369501323636,6.31639693588149,32.4932838251488,2.19423268830666,-2.41812104418649,-2.25604575518018,2.41324705997107,-0.347034161889769,60.5959119654243,30.8409212578956,1.19383785118032,1.28745910842541,-3.98198977282276,-5.86191158063521,-2.10206796501031,-0.279293422717891,-9.87332994820474,-231.178281030667,-1.85049321306568,-0.00340097124435881,-0.00525794954466121,-2.10206796501031,-0.196736056651084,-799.516906968094,-208.430968752383,-0.934529708813229,-1.00450890642916,-2.70323617186993,-4.58315797968238,-0.823314364057485,0,-8.59457634725191,-229.899527429714,-0.571739612112856,0,0,-0.823314364057485,0,-798.238153367142,-207.15221515143,0,0,-1.43587950372514,14.6711439657144,-1.88079820459961,-0.034101688666832,-48.3068561640875,-0.0132281257074029,0,-47.0281025631347,0,57.9961433832321,-732.548795233933,-731.27004163298,4.92052102005449,-6.36494810260101,-5.08619450164818
Low,High,turquoise,427,4.5,0.61756492361648,0.772022880693067,0.595458587435956,0.13187422743567,0.219049165231698,0.227694350898559,1,1,4,0.51906838036178,0.667872687005946,0.445476186674687,0.0884761169611745,0.18714940767398,0.198103372770192,0.674318366436955,0.512901877610886,0.594960903060172,0.429416461820776,0.454065798612938,0.671481318932272,0.590163934426229,144.784571668064,0.383118382425702,0.319070036278801,0.209299211056344,60.869713590894,27.5314732311041,21.9930455393316,275.033795840514,94.2079539506838,18.2690802682895,13.1666400829091,-1048.00913910492,-166.433194428883,-106.775097460998,-16428.6350971592,-1929.58508378097,-74.1370080344431,-39.1657698680521,-1046.73038550397,-165.154440827931,-105.496343860045,-16427.3563435582,-1928.30633018001,-72.8582544334903,-37.8870162670992,57.3028044874474,98.0264171712444,16.5791918036505,30.6646034558855,45.3453473531592,325.032895958592,150.70748698933,30.1553609530851,21.3555489559387,15.0392289125789,16.5791918036505,103.732080635782,121.745813120227,9.89517318356457,14.3831806379663,-1376.43910102069,-2691.57080741977,-61.3073946216095,-206.073626636093,-448.554104812972,-22943.7317051827,-4934.58751002657,-199.340861033368,-100.761603668313,-50.6922317579138,-61.3073946216095,-2338.99417475339,-3221.05031865286,-22.6606940315453,-46.4815470890947,-1375.16034741974,-2690.29205381882,-60.0286410206567,-204.79487303514,-447.275351212019,-22942.4529515818,-4933.30875642561,-198.062107432415,-99.4828500673599,-49.413478156961,-60.0286410206567,-2337.71542115243,-3219.7715650519,-21.3819404305924,-45.2027934881419,34.8182680496309,328.176994651588,76.3051000213563,-265.191414965839,-23389.7034138022,-1266.61464260069,-263.912661364887,-23388.4246602013,-1265.33588899974,221.028950377059,-10611.2107558698,-10609.9320022688,32.339026415358,-229.004558203916,-227.725804602963
Low,High,yellow,1385,13.5,0.564125621684818,0.726078465145124,0.527447106070547,0.112331955475731,0.221170720002075,0.227689252343327,9,10,9,0.306264227952525,0.351756418906792,0.141939772707638,0.0241781931521256,0.0958105027683527,0.129788208094273,0.51309818468404,0.411501042308326,0.476402973348599,0.323574483877186,0.420180069780465,0.520030107896549,0.271480144404332,114.346248841945,0.118471025229023,0.307961300279053,0.140963754762745,90.7129377808727,37.9964955402506,31.5615750404192,503.565126358628,143.429380021495,36.0710037650324,26.5653952502066,-2392.59394814881,-315.481917606278,-218.206220197396,-55066.8287064022,-4469.70597869135,-284.49061589803,-155.069219142023,-2391.31519454786,-314.203164005325,-216.927466596443,-55065.5499528012,-4468.4272250904,-283.211862297077,-153.790465541071,34.1756560394887,43.1087140535584,25.2425980254191,16.8799491829727,34.6243110339923,272.559368924749,51.5931170731245,13.231602484416,9.03090240600777,18.8182784948156,25.2425980254191,90.3611733108057,248.82452448422,15.5341166161961,19.8602574619749,-280.680199788281,-421.194716536136,-140.165683040427,-63.5003184005878,-262.264263818785,-16134.4011632045,-580.125169253486,-39.5402678204188,-19.0699125600447,-78.5727201455739,-140.165683040427,-1775.39310453064,-13447.1719586913,-53.9916935529707,-87.3475175483073,-279.401446187328,-419.915962935183,-138.886929439474,-62.221564799635,-260.985510217832,-16133.1224096036,-578.846415652534,-38.2615142194659,-17.7911589590919,-77.293966544621,-138.886929439474,-1774.11435092969,-13445.8932050904,-52.7129399520179,-86.0687639473545,19.142690824769,223.036235101703,18.4555795671689,-81.2542722697934,-10804.7721896363,-75.6286614826146,-79.9755186688406,-10803.4934360354,-74.3499078816617,405.742414264771,-35751.2859265408,-35750.0071729399,53.2316039816108,-617.434629870097,-616.155876269144
High,Low,black,502,18,0.462328446912176,0.650006055488442,0.421935613504365,0.0600544588379581,0.141714612129369,0.155115067190692,15,13,15,0.382292343708805,0.384792325057409,0.162842083404897,0.0389833019630703,0.143555343093127,0.176256777089531,0.404221257031258,0.311289142311375,0.463839749692465,0.274634773382873,0.298995601230145,0.421017399635156,0.284860557768924,19.6921496241286,0.138201684280841,0.216092762220974,0.0209814418764224,65.8260583445308,29.6085308473469,25.7093991872262,342.968498021148,102.043585841715,18.4971005666896,11.8763631969818,-1227.88770010716,-192.236408254772,-145.338344597228,-25545.3976845615,-2263.53899195955,-75.9628034804941,-32.1049843492751,-1226.48976009849,-190.8384682461,-143.940404588556,-25543.9997445528,-2262.14105195088,-74.5648634718221,-30.707044340603,14.1306651101511,18.9108187693799,9.35051145092226,4.23446458091664,20.7129178650474,82.4382081340422,17.1087196737124,5.70168814072952,4.49023152539322,8.41476315849744,9.35051145092226,81.7614071797305,79.9861588937705,6.40165113282013,8.71131096273539,-50.1983200985705,-80.0362507317583,-20.3603894653827,-4.94101080547547,-94.8779254391354,-1478.06056122516,-65.1945760243811,-8.22684751632114,-5.4488807395057,-16.7058761443944,-20.3603894653827,-1453.92531012033,-1391.56366703715,-10.1143404184779,-17.8233584159,-48.8003800898985,-78.6383107230862,-18.9624494567107,-3.54307079680343,-93.4799854304634,-1476.66262121648,-63.7966360157091,-6.8289075076491,-4.05094073083366,-15.3079361357224,-18.9624494567107,-1452.52737011165,-1390.16572702848,-8.71640040980584,-16.4254184072279,13.0521804010904,36.6129869081709,20.9554232947699,-38.5103624669025,-293.051272400064,-97.077186782903,-37.1124224582304,-291.653332391392,-95.6792467742309,49.2122538441556,-527.988503695368,-526.590563686696,15.972944315561,-57.0060112471128,-55.6080712384408
High,Low,blue,925,11.5,0.495154556132675,0.682608895380617,0.465698060949683,0.0689433026885402,0.148713834470507,0.164858189533234,13,13,19,0.367063576000941,0.381181713246489,0.161527774711452,0.0460748611180766,0.180307983831959,0.20703373640516,0.547017214496647,0.237899103384367,0.483254369825486,0.23775062486947,0.430167388837408,0.551122511899666,0.392432432432432,157.251199661557,0.190852930852931,0.316014033458766,0.186246129418381,115.83842543917,47.8779339182416,41.8182620932948,575.903945346596,183.798916960099,32.4638487247376,22.3983719189285,-3919.09295999246,-499.845287226231,-381.760642684662,-72023.3760393539,-7338.3406327587,-230.762698368663,-110.690129685079,-3917.69501998379,-498.447347217559,-380.36270267599,-72021.9780993453,-7336.94269275003,-229.364758359991,-109.292189676407,24.3532329088003,30.77572534784,17.9307404697606,4.09951050157042,25.6115265087853,129.990457858044,35.9399241868947,19.338903562874,16.6919844937351,17.9307404697606,10.1281756206516,87.7188364928715,95.8863057975408,13.9817892249075,18.292637254991,-142.40600934845,-213.342664968102,-71.4693537287978,-4.68400355095019,-144.245980677107,-3671.76268601217,-282.439349259097,-82.8982649197088,-62.12521665822,-71.4693537287978,-23.6837075908188,-1673.20215642232,-1998.87250386395,-43.9970540223791,-74.3245897938031,-141.008069339778,-211.94472495943,-70.0714137201257,-3.28606354227815,-142.848040668435,-3670.3647460035,-281.041409250425,-81.5003249110367,-60.7272766495479,-70.0714137201257,-22.2857675821467,-1671.80421641365,-1997.47456385528,-42.5991140137071,-72.926649785131,26.4444980418603,340.01844465221,56.6178064903385,-153.675601817071,-25107.8752636791,-698.234164967557,-152.277661808399,-25106.4773236705,-696.836224958885,112.54556798294,-2752.94703819747,-2751.5490981888,265.955586700531,-15362.1637863619,-15360.7658463533
High,Low,brown,1303,18,0.46665936715105,0.648910490376236,0.421372281412981,0.0639743595493048,0.149197143882847,0.162383000382863,5,4,5,0.495777082096783,0.525733478441975,0.278546835162787,0.0771896920336572,0.198393830286162,0.209854687066506,0.605884474427402,0.466596627590145,0.54485384711763,0.382575432081442,0.515511264274047,0.572112231993203,0.423637759017652,186.08200058813,0.222431279347082,0.319271003647567,0.025156493967687,111.128057882103,47.3983202099146,40.6009379872884,714.644038847712,174.857795554292,33.8415655335014,21.6939521539697,-3565.94544032457,-489.918202258188,-359.961254273147,-110903.845696011,-6641.97267839095,-250.617134731451,-103.931822742033,-3564.5475003159,-488.520262249516,-358.563314264475,-110902.447756002,-6640.57473838228,-249.219194722778,-102.533882733361,47.9125224313952,67.1088426532181,28.7162022095723,26.6901343695462,41.9773349325197,273.824341329783,92.2403503739165,27.0743398380062,19.0391299382082,24.2697230291507,28.7162022095723,111.274718881602,210.030266824947,19.7183549004059,22.2498375789425,-649.103591978841,-1117.28542562772,-180.921758329958,-156.51376743698,-384.656776323955,-16284.4867297689,-1849.91407493149,-161.005482273277,-80.3932978487697,-129.688838686524,-180.921758329958,-2691.17635274871,-9581.67529671634,-86.124853602424,-109.247176153413,-647.705651970169,-1115.88748561905,-179.523818321286,-155.115827428308,-383.258836315283,-16283.0887897603,-1848.51613492282,-159.607542264605,-78.9953578400977,-128.290898677852,-179.523818321286,-2689.77841274003,-9580.27735670767,-84.7269135937519,-107.849236144741,34.7592545734595,346.486948582615,77.9297430381764,-264.299070405384,-26072.161130427,-1321.03579801296,-262.901130396712,-26070.7631904183,-1319.63785800429,136.833321978532,-4068.26083684591,-4066.86289683724,39.2035724437795,-335.730655312584,-334.332715303912
High,Low,cyan,915,20,0.455350661565185,0.648517522859348,0.420538580778455,0.0576917419303459,0.133638311050006,0.15714696141837,11,12.5,9,0.415559900076456,0.366494618138819,0.152939221688332,0.0435084186470388,0.147975584697038,0.176511333306403,0.550864051756279,0.426407296002907,0.452211465478089,0.310411671237732,0.450980171007119,0.463515739679951,0.301639344262295,46.9581842026317,0.154430773277852,0.319271003647567,0.025156493967687,85.7511222806467,37.0422937331979,33.297320528328,577.031618417285,134.459950828095,25.1742628542163,17.927538889662,-2114.17961643286,-299.922678621702,-242.675545094374,-72305.6974840172,-3928.43655424401,-139.416384020972,-71.4443474645874,-2112.78167642418,-298.52473861303,-241.277605085702,-72304.2995440085,-3927.03861423534,-138.0184440123,-70.0464074559154,23.9803033056314,28.0943661352417,19.8662404760211,10.2578712851772,25.3945961951013,122.846959317029,30.7941360753821,9.39602910185716,6.51202731269397,16.0259045334516,19.8662404760211,84.1233489864135,137.930545600851,13.9645198125629,12.9345948973215,-131.110569095356,-174.821878016117,-87.399260174596,-24.2632653917587,-141.839612608952,-3279.53901631211,-207.804143423282,-20.5477443797259,-10.4309584746658,-57.375429849978,-87.399260174596,-1539.018165748,-4133.72929199873,-43.8917238349693,-37.8429475798998,-129.712629086684,-173.423938007445,-86.0013201659239,-22.8653253830867,-140.44167260028,-3278.14107630344,-206.40620341461,-19.1498043710538,-9.03301846599376,-55.977489841306,-86.0013201659239,-1537.62022573932,-4132.33135199006,-42.4937838262973,-36.4450075712278,16.9914835007635,91.9316897520914,35.8122280239815,-64.3235036980309,-1837.56852497274,-280.448199774383,-62.9255636893588,-1836.17058496406,-279.050259765711,120.898583352597,-3176.40712152774,-3175.00918151907,26.029276414615,-148.937490904713,-147.539550896041
High,Low,darkgreen,181,3.5,0.540141540601864,0.724328788154311,0.522420471473581,0.0863621056518187,0.155435610906539,0.196746927048922,2,1,10,0.680802162515242,0.783335153327165,0.608505310795459,0.207851882510369,0.318059476069,0.33997984770726,0.492603272904485,0.418691212907075,0.459952115410851,0.356469492106315,0.397480617795621,0.543180713673174,0.674033149171271,63.9983600798883,0.482995702885206,0.472597456448657,0.0637895691959368,52.8996113699241,20.9049548244855,18.9915227610438,181.749992422301,84.8942679153627,11.9609762039234,12.4287200896591,-831.966780739794,-96.6173926930624,-79.9990644389832,-7175.69636140882,-1567.31616878653,-32.5460004522295,-35.0396874769139,-830.568840731122,-95.2194526843903,-78.6011244303112,-7174.29842140015,-1565.91822877785,-31.1480604435574,-33.6417474682419,36.0736875610665,64.2700105577754,7.87736456435755,20.547831684092,27.3227539449562,149.451490806317,101.217267170595,23.9724519137302,21.4950717008842,6.86747196406879,7.87736456435755,77.6326265676815,42.1566450692173,4.94622352277858,6.759289065428,-605.140294862786,-1195.5037718219,-14.7768179036687,-93.3953505888937,-163.943750071274,-4852.71968505167,-2227.06379357253,-126.569394864043,-102.06266399579,-11.4857871281727,-14.7768179036687,-1310.99756324181,-387.934525078327,-6.42212308302477,-11.1590459637755,-603.742354854114,-1194.10583181323,-13.3788778949967,-91.9974105802216,-162.545810062602,-4851.321745043,-2225.66585356386,-125.171454855371,-100.664723987118,-10.0878471195006,-13.3788778949967,-1309.59962323314,-386.536585069655,-5.02418307435274,-9.76110595510349,27.5569027794678,123.878408876433,70.0272587325279,-166.737789934479,-3334.80331321504,-1067.09476978769,-165.339849925807,-3333.40537320637,-1065.69682977902,39.4098240986862,-339.253787670547,-337.855847661875,20.5654953128439,-93.5534166336325,-92.1554766249605
High,Low,darkgrey,169,5,0.53830964912436,0.724533313223849,0.522263596902233,0.0825398927707642,0.150673866286085,0.185072645241457,6,6.5,5,0.400922956297485,0.511289376492585,0.264462611919721,0.0471596684404457,0.137595501916832,0.162441477622679,0.526649962501908,0.472567742014803,0.551546657557185,0.39056019294739,0.225614288119015,0.449433642898295,0.372781065088757,30.1026367449338,0.179698506621584,0.278391768519189,0.0400245053324035,51.7473143917081,21.6480566903557,18.2507642893015,159.647532119223,81.8465720930605,11.523634798123,11.133671625167,-780.225187516004,-103.498957219555,-73.9913259072875,-5537.10663762107,-1456.95141781245,-30.2997756893157,-28.3664413927226,-778.827247507332,-102.101017210883,-72.5933858986155,-5535.7086976124,-1455.55347780378,-28.9018356806437,-26.9685013840506,11.3422165227276,13.8976650726028,8.78676797285243,3.17201928054618,15.0416406834988,50.8438595558242,12.7536894617068,1.93883220569137,1.23940842653672,6.85683146928922,8.78676797285243,108.891418331985,47.0217846586007,2.89071131557655,5.90705081456308,-30.9408217819809,-43.7679205839585,-18.1137229800034,-3.12095301379841,-50.7080544297895,-563.452406412784,-36.8277867381275,-1.58069061591909,-0.968199267524748,-11.4534289270731,-18.1137229800034,-2577.22500041652,-482.194608534976,-2.71627935702962,-8.75909354415746,-29.5428817733089,-42.3699805752865,-16.7157829713313,-1.72301300512637,-49.3101144211175,-562.054466404112,-35.4298467294554,-0.182750607247049,0,-10.0554889184011,-16.7157829713313,-2575.82706040784,-480.796668526304,-1.31833934835758,-7.36115353548543,12.3748414989101,62.8673882759644,18.9938093157698,-34.7476330532041,-860.430513208171,-80.0179768793709,-33.3496930445321,-859.032573199499,-78.6200368706989,21.0923836117034,-98.3305284582615,-96.9325884495895,10.9300315182922,-27.3828965890106,-25.9849565803386
High,Low,darkorange,123,7,0.520696926459544,0.712923973672029,0.504378685901555,0.0648466176196169,0.109794617129919,0.13813070515482,20,20,20,0.330379512985962,0.00301718737087437,0.124277077329416,0.0274483176813723,0.11363103101009,0.140809284344239,0.23079231851469,0.308818167135296,0.208611177379127,0.198800243923602,-0.105835210481635,0.0125338441410321,0.268292682926829,6.33084435252743,0.129414900706384,0.514209084120627,0.0250617147118329,33.7266575246856,17.8786581964993,15.8694151183334,134.158892629515,49.574656852872,3.58421330156728,4.05265933426448,-303.414408033034,-71.0631110071715,-56.2873584303288,-3910.87490409668,-535.765705058897,-3.77199033788807,-4.59654733286483,-302.016468024362,-69.6651709984994,-54.8894184216567,-3909.47696408801,-534.367765050225,-2.37405032921603,-3.1986073241928,2.69787214381082,1.28217439875587,4.11356988886577,-0.757647926085135,-1.20408925595271,19.5917905305242,3.32199672359688,-0.759470022923062,-0.685204006520135,2.44804942425538,4.11356988886577,36.2844664301371,16.5536996740559,-1.2493980409729,0.0435623954109351,-3.22024621697572,-1.73006691624353,-4.7104255177079,-0.110323503673688,-0.0527023429421666,-85.0417065421926,-3.34981032881337,-0.110018371735334,-0.122978763988864,-2.14377893425272,-4.7104255177079,-287.847055231184,-61.1233224891926,-0.048545792287936,-0.316388733294753,-2.14421033455327,-0.975935160070667,-3.31248550903586,0,0,-83.6437665335206,-1.95187032014133,0,0,-0.745838925580683,-3.31248550903586,-286.449115222512,-59.7253824805205,0,0,6.24942513079474,9.11475465671488,9.79764822902225,-9.6861684516391,-19.4042356075745,-22.2394366653398,-8.28822844296706,-18.0062955989025,-20.8414966566678,28.9989079026986,-184.469061928051,-183.071121919378,3.25381853802649,-3.24463978874095,-1.84669978006891
High,Low,darkred,209,1,0.610049230869354,0.768589845835015,0.589320334765344,0.124508385605655,0.208743787853039,0.217968934414037,1,2,1,0.676833301819351,0.76854811794185,0.590102595409074,0.210389517121495,0.33546928320318,0.329116669073566,0.783574617273273,0.648998310557279,0.544022095991679,0.55788377099009,0.650874503800232,0.792439217070593,0.669856459330144,133.370400309806,0.48536989326463,0.344398807470639,0.143320805551452,75.5714836427274,26.8058556930051,21.3031372864466,232.617003321909,124.33711159245,20.5154354798099,15.3273743270348,-1758.69429960046,-157.859918658786,-100.275040519058,-11752.7484868738,-3359.52868054214,-93.1057988728016,-52.6004417495993,-1757.29635959179,-156.461978650114,-98.8771005103857,-11751.3505468652,-3358.13074053347,-91.7078588641296,-51.2025017409273,41.7524863082585,68.8810480755578,14.6239245409592,20.7801625398375,28.9625528876295,160.493641655255,108.799543263486,28.6049063199683,21.7833439407126,10.7109373085811,14.6239245409592,104.381560956612,73.0691962594542,10.7108489907108,12.1298891711416,-713.225684020259,-1378.44627813215,-48.0050899083673,-95.4852084076216,-184.010947967888,-5595.9285833846,-2572.88160829641,-179.534762582052,-104.777546747374,-26.3446625439243,-48.0050899083673,-2368.34774697173,-1161.6353557437,-26.3442481961417,-33.4356379422077,-711.827744011587,-1377.04833812348,-46.6071498996953,-94.0872683989496,-182.613007959216,-5594.53064337593,-2571.48366828774,-178.13682257338,-103.379606738702,-24.9467225352523,-46.6071498996953,-2366.94980696306,-1160.23741573503,-24.9463081874697,-32.0376979335357,33.3256915028864,278.544703911609,75.1732923490674,-243.086357294697,-16850.6799972964,-1229.37947498191,-241.688417286025,-16849.2820572877,-1227.98153497324,39.0544993757558,-333.195726082362,-331.79778607369,43.0433612752131,-404.348644194326,-402.950704185654
High,Low,darkturquoise,176,10,0.497309322897309,0.694248037887393,0.479086275800877,0.0590367766661566,0.107212583788273,0.136227363840005,18,16.5,23,0.336615366478055,0.0130448855731886,0.162476489038359,0.0392788399431414,0.155962116532839,0.184755218154975,0.349713307692842,0.076986689777232,0.0745304727043022,0.179457717855931,0.25823094396446,0.378539748858781,0.284090909090909,11.1096229133737,0.143701298701299,0.336453319028969,0.0209814418764224,38.8948495139127,18.3440702783269,16.4689003532482,163.754470997707,59.4456287494985,4.41236628448457,4.41497900652245,-422.129746713105,-74.7349805162383,-60.5130319626483,-5825.53095244228,-769.524512909973,-5.2913796652449,-5.29662351988402,-420.731806704433,-73.3370405075662,-59.1150919539762,-5824.13301243361,-768.126572901301,-3.89343965657286,-3.89868351121198,5.26736447322828,5.40458105672359,5.13014788973296,-0.332184311514854,-0.807305664759802,36.9899359338034,11.141346424962,4.99064201031558,4.32127725109186,5.13014788973296,0.443519247390034,12.4733927888093,22.1166933034599,3.5755260538104,5.71391346865474,-10.5707877471026,-14.3022160156966,-6.83935947850857,-0.200573320361618,-0.102232857898762,-299.080366768192,-28.4038587110317,-6.5215854744807,-5.11033810885445,-6.83935947850857,-0.483206769747001,-35.2827904602039,-107.961858752355,-3.75755254255992,-8.25803277456675,-9.47218941050817,-13.5029593511798,-5.44141946983653,0,0,-297.68242675952,-27.0059187023596,-5.12364546580867,-3.71239810018241,-5.44141946983653,0,-33.8848504515318,-106.563918743683,-2.35961253388789,-6.86009276589471,7.54797880410988,17.402297761867,13.4668870530718,-13.6555440159679,-67.4019823211934,-40.9119020600543,-12.2576040072958,-66.0040423125214,-39.5139620513822,23.1737465502144,-118.377851703366,-116.979911694694,4.45651948190636,-5.38037960328339,-3.98243959461136
High,Low,gold,1000,25,0.217018202495731,0.405285932662304,0.0014403885321156,0.00973120209979678,0.0708098322753277,0.110266199029192,18,20,12,0.332322676350827,0.256742054670957,0.0995976761941782,0.0193538782075411,0.111277798763039,0.152736245251505,0.345642825682475,0.5218129158386,0.487596800195895,0.314358405372287,0.427485520570986,0.43398468263128,NA,NA,NA,0.117905128965308,0.0268028337467001,0.0804220646193163,0.0257484048936026,0.679599423755127,0.13509572434503,-0.0736273785408122,0.0556909556950545,0.298860049927653,-0.330224165923952,-0.310044171151195,-0.604885008050755,-0.35040416069671,-0.276259907059947,-0.320759306192419,-0.417341975536723,0,0,0,0,0,0,0,18.7050002796861,10.3571608454565,27.0528397139158,-0.849578987192176,21.2401122424045,172.176444821978,-0.525790551491588,-0.200650067215773,-0.134156353343019,10.4594965318498,27.0528397139158,93.9648405136185,214.955899312111,13.1719778869721,13.5022622685913,-105.337749249683,-49.9230634709376,-160.752435028429,-0.0957062979564575,-99.6915246223174,-6439.90600518592,-0.15460231955782,-0.236936145052183,-0.256991820906613,-25.1786235971567,-160.752435028429,-1919.65005430562,-10036.2452566528,-39.1964727366964,-41.1201962201863,-104.25064366329,-49.1467923068227,-159.354495019757,0,-98.2935846136454,-6438.50806517725,0,0,0,-23.7806835884847,-159.354495019757,-1918.25211429695,-10034.8473166442,-37.7985327280244,-39.7222562115143,NA,NA,NA,NA,NA,NA,NA,NA,NA,52.0598105605978,-590.633389562013,-589.235449553341,29.8441190284021,-195.281280856627,-193.883340847955
High,Low,greenyellow,369,21,0.445338271006693,0.648398291795953,0.419333516390984,0.049005592463261,0.108058607453629,0.134014018827737,11,14,5,0.357511260641714,0.350924798257732,0.193780516985391,0.0397007057122381,0.137323133487506,0.169806226011696,0.64428855137186,0.406343829500903,0.455115180602737,0.36908985343778,0.507963611878685,0.576896150754807,0.233062330623306,24.2176275964664,0.137710616236597,0.278391768519189,0.0400245053324035,43.7247179418166,21.9616621980839,20.4937195395469,261.406033207716,65.4877736855494,7.88729528962877,5.63024341225974,-519.979239041652,-106.474937032045,-92.9119600955278,-14841.1636254926,-933.483541051259,-14.8113440957452,-8.04586494024018,-518.58129903298,-105.076997023373,-91.5140200868558,-14839.765685484,-932.085601042587,-13.4134040870731,-6.64792493156815,14.3830487010193,16.3721906787393,12.3939067232992,1.56517485862534,15.9876255329605,80.2378477140476,16.756755824518,4.29531265232335,3.36261092518961,12.3939067232992,10.9904943628186,84.6712932133831,78.8504513120495,9.55851380349314,11.2526733617345,-47.3518268017306,-59.8528187704994,-34.8508348329617,-1.23083723425608,-57.1082970161741,-1400.32183905824,-62.5973405248247,-5.05936572929714,-3.41336150843837,-34.8508348329617,-27.6730561139853,-1559.10494371179,-1352.3858457507,-21.2238082415797,-28.9494710408417,-45.9538867930585,-58.4548787618274,-33.4528948242897,0,-55.710357007502,-1398.92389904957,-61.1994005161527,-3.6614257206251,-2.01542149976634,-33.4528948242897,-26.2751161053133,-1557.70700370312,-1350.98790574203,-19.8258682329077,-27.5515310321696,7.14554867201014,44.7555557923037,17.9112208806638,-12.348542089466,-437.009056880172,-71.316962964314,-10.950602080794,-435.6111168715,-69.919022955642,54.1871154859271,-639.730305211293,-638.332365202621,27.2262148930379,-162.798696642692,-161.40075663402
High,Low,grey60,242,13,0.4821493496571,0.682350650643654,0.463538747315783,0.0565092750798702,0.109833604849747,0.145439555904471,17,14.5,18,0.392455320481037,0.260016239604033,0.14146352207948,0.0397944293692207,0.148049571221817,0.181037721213498,0.228860076213264,0.254835733279932,0.0466328632090656,0.319501913577779,0.00382639082466567,0.214716246688482,0.34297520661157,22.4760536516589,0.171084667878331,0.277783385808994,0.0244275156594924,42.2015072975704,21.1361206002813,19.4743947847515,212.848296741449,63.2668939948594,6.00220864419727,6.55187400924343,-485.054046459775,-98.7324836608042,-84.0432283533642,-9840.4520736735,-871.375609258747,-9.01177259009416,-10.5465328014096,-483.656106451103,-97.3345436521321,-82.6452883446922,-9839.05413366483,-869.977669250075,-7.61383258142212,-9.14859279273755,8.37236206784534,11.051389837557,5.6933342981337,3.70469282817335,9.13796946241696,36.3121503333202,12.964810212697,4.59394377339765,4.39538241171275,3.32599617526866,5.6933342981337,7.20788606058885,57.9205354660543,0.113315088946892,3.43640882518175,-18.4805890008662,-28.7556037231944,-8.20557427853809,-3.97541777001865,-19.4973278132912,-288.28379929863,-38.0138796330975,-5.66259403733045,-5.25736161548321,-3.35603862079418,-8.20557427853809,-12.5464741397474,-730.645103124241,-0.342093249879853,-3.53056038789739,-17.0826489921942,-27.3576637145223,-6.80763426986605,-2.57747776134661,-18.0993878046192,-286.885859289958,-36.6159396244255,-4.26465402865841,-3.85942160681117,-1.95809861212214,-6.80763426986605,-11.1485341310753,-729.247163115569,0,-2.13262037922535,12.4823808654394,44.2779672966711,21.9135277161627,-35.3318064791061,-427.771000563231,-106.015392713031,-33.933866470434,-426.373060554559,-104.617452704359,36.6114708834013,-293.027148908559,-291.629208899887,7.85678577912102,-14.7054058838864,-13.3074658752144
High,Low,lightcyan,260,4,0.542516506178341,0.723628207409018,0.522337105679326,0.0826273401445595,0.145529774358916,0.17174694148628,25,24,25,0.300542575445971,0.150559910811315,0.0647381334159014,0.0182916271983521,0.0999015051994966,0.127774156953814,-0.0849200388315659,0.197493619768367,0.175475481602847,0.071966907669556,0.0456403922713286,0.0120796223972553,0.303846153846154,17.766467520817,0.141401841401841,0.346947917810847,0.0250617147118329,66.1470694646511,27.1815880686408,23.6803004435819,238.196231150448,105.112550860661,13.6872856688723,11.1530878850026,-1281.93751561041,-162.270742305005,-123.541003053009,-12323.1555717382,-2401.60428891582,-42.2184479009021,-28.461151535982,-1280.53957560174,-160.872802296333,-122.143063044337,-12321.7576317295,-2400.20634890715,-40.82050789223,-27.0632115273099,2.832114008051,1.99547654170707,3.66875147439493,-2.70551486066471,4.94367927164478,18.6551586908649,-0.952726188230636,-2.40392357153539,-3.08386493207152,-1.41901457383235,3.66875147439493,30.0670432200094,12.3232490403716,0.785055589799399,0.26789980294411,-3.58144440992505,-3.24878183929431,-3.91410698055578,-0.00148344437348557,-6.41645105263943,-77.2416132473016,-0.0811126259491948,-0.00353652407893191,-0.000443924500112923,-0.0352442954815882,-3.91410698055578,-198.184647638008,-34.4691450241907,-0.665123242628759,-0.404076062534934,-2.51271124693372,-2.5092555219837,-2.51616697188374,0,-5.01851104396739,-75.8436732386296,0,0,0,0,-2.51616697188374,-196.786707629336,-33.0712050155187,0,0,10.0996731491499,26.0057612841863,15.1493625204726,-23.5573116542115,-148.671395845169,-51.4173397972908,-22.1593716455394,-147.273455836497,-50.0193997886188,45.1870251443098,-445.440153977848,-444.042213969176,11.3847271294791,-29.6035917495957,-28.2056517409237
High,Low,lightgreen,241,22,0.431439352230401,0.644755786263489,0.413414623496982,0.0406745846368933,0.0829546464560765,0.117505493371056,20,20.5,20,0.360507807628516,0.209513780193174,0.0969235281148311,0.0246240259000776,0.108959490065361,0.140813785752544,0.0827312950038071,0.197850321329109,0.181152071391595,0.279639485361668,-0.0117285035138797,-0.0138497319694379,0.203319502074689,14.8418025189444,0.116113416320885,0.47843220476739,0.0398613010135594,27.5149893003452,16.6874798930923,16.1851149301542,167.187123633168,38.3424987075981,0.596428174801299,1.676821576999,-191.656962417624,-62.0924497576301,-58.4932931363478,-6072.22086380212,-321.221475077619,-0.559965719215066,-1.32985912755505,-190.259022408952,-60.6945097489581,-57.0953531276758,-6070.82292379345,-319.823535068947,0,0,4.38023638119217,4.81940925421221,3.94106350817214,1.2756341925442,6.81121477679248,26.7234945932338,2.82760373163194,-1.15111041379619,-1.33072489812482,1.26988487442698,3.94106350817214,29.7967293299795,42.6591187532339,-0.109429492956477,-0.180938469658014,-5.68223062306454,-6.97256531227594,-4.39189593385315,-0.995496215194702,-11.3152532728444,-156.901241045411,-2.62987735170751,-0.0579142311785304,-0.0417418901677997,-0.991132432517255,-4.39189593385315,-194.666855562091,-397.193978859027,-0.264745256221239,-0.242761876871423,-4.28429061439251,-5.5746253036039,-2.99395592518111,0,-9.91731326417233,-155.503301036739,-1.23193734303548,0,0,0,-2.99395592518111,-193.268915553419,-395.796038850354,0,0,4.15920062456089,26.0724261206677,10.5061159948677,-4.79674498772853,-149.426392746887,-25.3927622851406,-3.39880497905649,-148.028452738215,-23.9948222764685,52.833506561686,-608.262493362556,-606.864553353884,14.5653250132909,-47.6319369569888,-46.2339969483167
High,Low,lightyellow,232,24,0.386274174023011,0.597866935759049,0.355612821832485,0.0359202960446693,0.0934954000038665,0.126682819956482,19,19,8,0.316004068264115,0.242340809609853,0.135102446226036,0.0286018629413718,0.116131234990421,0.151389610398392,0.597319919954183,0.3786665892917,0.200714290155514,0.341661831161538,0.389303806380506,0.518121230241653,0.185344827586207,6.28195340730756,0.122592924317062,0.519026917515519,0.0654724253141317,21.7301621229453,11.629726416864,12.0324709710772,164.364975589909,31.4278532748133,2.38433747032046,3.13965927052764,-124.648192883534,-30.837094018624,-32.9210495328167,-5869.03116258982,-216.375336234251,-2.06778242246577,-3.07277226690165,-123.250252874862,-29.439154009952,-31.5231095241447,-5867.63322258115,-214.977396225579,-0.669842413793735,-1.67483225822962,8.10464326770485,6.91713136266129,9.2921551727484,-1.80255310580925,8.75678842637063,41.018513942745,5.07747429895196,-0.157229357278617,0.0870244618811966,8.89221397437429,9.2921551727484,33.9737509056234,59.2729452121883,6.17101600617006,8.76575567299463,-16.2398664015469,-12.3582410859627,-20.1214917171311,-0.0158009904830566,-17.9980668401649,-367.366574696183,-6.71841533176059,-0.249902216074164,-0.332242648890814,-18.523579979926,-20.1214917171311,-252.565374594034,-765.07157036441,-9.46946380861452,-18.0326205759374,-14.8419263928749,-10.9603010772907,-18.7235517084591,0,-16.6001268314928,-365.968634687511,-5.32047532308856,0,0,-17.125639971254,-18.7235517084591,-251.167434585362,-763.673630355738,-8.07152379994248,-16.6346805672654,3.07795604309465,8.17515697626879,11.5742550006124,-2.98207881733878,-15.8305005525519,-30.5555445862791,-1.58413880866674,-14.4325605438798,-29.1576045776071,53.1913282540682,-616.503551629477,-615.105611620805,28.1385130321342,-173.780893400818,-172.382953392146
High,Low,midnightblue,284,23,0.412562550871491,0.630073958802964,0.395035461860091,0.0409729536503139,0.0968041794813837,0.139048474588755,21,21.5,19,0.330108002334566,0.169941062721177,0.0583938529423772,0.0236921273699262,0.123425854160619,0.16164298522509,0.277722717310883,0.0220390290519824,0.11266160326026,0.243781358852001,0.485743115061362,0.465028975125353,0.133802816901408,8.39767546019024,0.0820434977355298,0.465197792118446,0.0810898039261968,31.7242555597097,17.2390223784752,17.4437252319671,194.267968087943,46.0047858874523,3.77533514083797,5.69268938707815,-264.67887663186,-66.1697141655017,-67.7164782422836,-8197.83380577591,-461.641275021436,-4.09747311992461,-8.20393322594261,-263.280936623188,-64.7717741568297,-66.3185382336115,-8196.43586576724,-460.243335012764,-2.69953311125257,-6.80599321727057,4.52041485003821,4.32028930177415,4.72054039830227,-0.61141295617281,5.89286370735312,17.6146760768446,2.74771489619518,1.08273326043779,1.55858808366992,4.72054039830227,-0.790223208864385,18.9557730561283,43.1045524209398,8.41257581652351,7.32828263632732,-5.7759141196108,-5.62227042907282,-5.92955781014878,-0.136952744762877,-8.72175017573433,-69.0221071305645,-2.52279068241131,-0.855539694632342,-1.22514045913597,-5.92955781014878,-0.104963690288932,-79.703667683399,-405.493949902289,-16.6977736542156,-12.9334491970032,-4.37797411093876,-4.22433042040078,-4.53161780147674,0,-7.32381016706229,-67.6241671218925,-1.12485067373927,0,0,-4.53161780147674,0,-78.305727674727,-404.096009893617,-15.2998336455436,-11.5355091883312,0.264044884374125,14.448228678236,3.94056827434527,-0.402444483643113,-46.89073206719,-4.39099922985634,0,-45.4927920585179,-2.9930592211843,61.4723696495439,-822.755220520671,-821.357280511999,32.6669694180923,-233.638133511811,-232.240193503139
High,Low,orange,154,2.5,0.540809616748247,0.725978761575947,0.52407265903347,0.0772792746132452,0.134220258294477,0.162671078064298,12,11,14,0.373088437776754,0.39664580524371,0.182938732642497,0.0440215185580465,0.153815849117517,0.191381349063656,0.456979397918859,0.361429498996317,0.28531547227811,0.276204469219958,0.378089021528667,0.408961250453326,0.253246753246753,8.64652675932073,0.132586367880486,0.349454167503434,0.113574909442924,42.7253244715381,19.7061299987919,16.874577516429,154.518227006404,65.7445189442843,7.70963828590857,7.17897421798919,-513.410784614017,-86.0199292538944,-63.4608084111735,-5187.17009304801,-940.80163997414,-14.2000572418426,-12.4544678246988,-512.012844605345,-84.6219892452224,-62.0628684025015,-5185.77215303934,-939.403699965468,-12.8021172331706,-11.0565278160268,9.45219159255619,11.9875975424974,6.91678564261502,1.7101472997825,12.3285533928832,40.9764837110024,11.6466416921115,3.82847445144708,4.26377900944901,5.37536579822405,6.91678564261502,49.9729378951427,27.9853501456417,4.29685106726538,4.81520444109391,-22.1734252543605,-32.7104684522314,-11.6363820564895,-1.36032111877317,-34.4977241112569,-366.617782238625,-30.9232127932059,-4.19064228676615,-4.99783773729191,-7.41778114142937,-11.6363820564895,-544.378613816733,-171.911911131726,-5.06237804723312,-6.1335671441862,-20.7754852456884,-31.3125284435594,-10.2384420478175,0,-33.0997841025849,-365.219842229953,-29.5252727845339,-2.79270227809412,-3.59989772861987,-6.01984113275733,-10.2384420478175,-542.980673808061,-170.513971123054,-3.66443803856109,-4.73562713551416,5.63699215717752,12.5234819982694,9.61639192671587,-8.06286845463215,-35.556393703601,-21.4673675041768,-6.66492844596011,-34.1584536949289,-20.0694274955048,11.4707778009306,-30.0338840520792,-28.6359440434072,27.7425888862579,-168.970442224498,-167.572502215826
High,Low,pink,421,17,0.464539875627858,0.669824364393481,0.447480811358506,0.0500407010737779,0.0950954877973455,0.127899226800746,6,4.5,18,0.459314282489366,0.557367935532911,0.317798290105053,0.0562321991420026,0.140556743815251,0.170463011885441,0.305562277901778,0.294091089563508,0.288087175075173,0.241256767574337,0.149889456009975,0.250550159855937,0.292161520190024,56.4247095849686,0.190193417034272,0.336453319028969,0.0398613010135594,49.7999589703787,28.0055290056171,25.2002869025826,368.136387629441,71.5943889351402,4.54532474724061,4.09224028480708,-643.72775226673,-172.157563298997,-139.701500454612,-29431.7146211117,-1115.29794123446,-5.56184846036081,-4.67037271089113,-642.329812258058,-170.759623290325,-138.30356044594,-29430.316681103,-1113.90000122579,-4.16390845168877,-3.2724327022191,18.6137068960205,28.5525054430478,8.67490834899328,10.1832802417417,27.2654706129382,139.847207698863,29.8395402731574,4.45741233405949,3.08705395781208,6.1280135397683,8.67490834899328,50.1203874152799,68.6547417114427,2.96795881565666,4.74653978535014,-98.463499764177,-179.242847829643,-17.6841516987109,-23.9290635893409,-163.263822607349,-4249.34579854047,-195.221873051937,-5.38218771968216,-2.99535431855183,-9.35172287764439,-17.6841516987109,-547.584706095564,-1025.75363129816,-2.82422082818956,-5.98521485388946,-97.0655597555049,-177.844907820971,-16.2862116900388,-22.5311235806689,-161.865882598677,-4247.9478585318,-193.823933043265,-3.98424771101013,-1.59741430987979,-7.95378286897235,-16.2862116900388,-546.186766086892,-1024.35569128949,-1.42628081951752,-4.58727484521742,12.6397553089467,99.9177974006391,33.4336826141104,-36.195690295153,-2170.30263958423,-244.653265273272,-34.7977502864809,-2168.90469957555,-243.2553252646,75.3911206742224,-1236.50255133653,-1235.10461132785,23.1384132762135,-118.021860363593,-116.623920354921
High,Low,purple,376,6,0.537782449740579,0.717065907271343,0.513305506245427,0.0850645323928053,0.169726038843759,0.181822785029428,4,3.5,4,0.464067483504233,0.581136826089586,0.341244305151712,0.0757726329618281,0.196447246039631,0.217100775886684,0.689126418711385,0.472115591048423,0.511662115160952,0.374817079360132,0.667441139490752,0.737403630830707,0.303191489361702,59.5091293504577,0.17113475177305,0.283375126589513,0.113628302846391,72.914909052632,28.6334423910327,24.0755978115923,342.630084860651,117.196375714231,21.4171160641725,14.7903694289884,-1582.43659836789,-179.889873657862,-127.647425954337,-25495.0157120672,-2984.98332307792,-101.334681730727,-49.0730828045731,-1581.03865835922,-178.49193364919,-126.249485945665,-25493.6177720585,-2983.58538306925,-99.9367417220553,-47.675142795901,23.8616185092281,34.2277551106952,13.4954819077609,10.1820818510479,27.2762926419648,146.942921086047,41.1792175794255,13.0567218948812,10.1026558245027,13.4954819077609,12.9702284397351,86.875045570393,82.1566836069941,12.6183788996771,14.0909827291196,-153.947324814981,-266.814418988972,-41.0802306409898,-23.9237137972431,-163.392166201669,-4691.25770447189,-370.236671776275,-38.5362597202331,-23.5705221330206,-41.0802306409898,-38.0445729467849,-1641.20766904255,-1467.99701594829,-36.077720212285,-44.6660345056886,-152.549384806309,-265.4164789803,-39.6822906323177,-22.5257737885711,-161.994226192996,-4689.85976446322,-368.838731767603,-37.1383197115611,-22.1725821243486,-39.6822906323177,-36.6466329381129,-1639.80972903388,-1466.59907593961,-34.679780203613,-43.2680944970165,13.3218244726013,117.841684005122,29.6417174233834,-40.0634067992676,-3017.92086569106,-192.663873071057,-38.6654667905956,-3016.52292568238,-191.265933062385,48.5388680019767,-513.688976994902,-512.291036986229,75.3525097961355,-1235.2384573102,-1233.84051730153
High,Low,red,568,8,0.517192934744489,0.700953519771066,0.490645764798602,0.077900266361532,0.15915423622437,0.177831193043833,9,14.5,2,0.303092831011563,0.409183837129869,0.176800366620379,0.033605442694115,0.136460039876794,0.168993430202324,0.724562654474701,0.523623908342114,0.568718516651074,0.350381123730181,0.612954429403074,0.683761986304,0.274647887323944,117.43377747177,0.126754353280175,0.392083505316716,0.285187657400627,88.7473834431531,36.7978416532431,31.5473234052241,449.226589680714,140.696925233063,24.6314371721483,18.0025195715018,-2298.55645822253,-296.000218240752,-218.010721125528,-43824.3482145423,-4301.11269820431,-133.536195085871,-72.0311567776915,-2297.15851821386,-294.60227823208,-216.612781116856,-43822.9502745336,-4299.71475819564,-132.138255077199,-70.6332167690195,18.0197968886591,17.9046149470254,18.1349788302927,-3.54411004747385,21.9624931184029,80.9670858812221,13.846736775648,5.01786304217338,3.63658967098273,16.2568166661771,18.1349788302927,117.56490823556,97.5032914870138,13.1664655008216,14.7246950490488,-73.9517883134834,-74.8298265580036,-73.0737500689631,-8.55515788808214e-05,-106.482878721441,-1425.85289975941,-43.1767743945663,-6.58294866803482,-3.85969391651921,-59.0003140288294,-73.0737500689631,-3003.77165070897,-2066.78349030803,-39.1647658855922,-48.6502528051407,-72.5538483048113,-73.4318865493316,-71.6758100602911,0,-105.084938712769,-1424.45495975074,-41.7788343858943,-5.18500865936278,-2.46175390784718,-57.6023740201573,-71.6758100602911,-3002.37371070029,-2065.38555029936,-37.7668258769202,-47.2523127964687,12.5810996016127,221.515359244035,20.7375704019776,-35.8724587338272,-10657.9542775712,-95.1003336646378,-34.4745187251551,-10656.5563375625,-93.7023936559657,84.3721543554165,-1548.12282182988,-1546.7248818212,256.487143652157,-14287.9816089302,-14286.5836689215
High,Low,royalblue,227,15,0.472339447198796,0.675630395193805,0.454304532004282,0.0497472776130621,0.0927307859580983,0.123336050942722,9,13,9,0.315921982650375,0.434565020633772,0.210963195583905,0.0307795100471006,0.105248119901804,0.138428120081144,0.450725369542703,0.469458433563892,0.511910533252474,0.337605948188173,0.259859649350055,0.375717600905277,0.211453744493392,26.4633743457778,0.112666172858758,0.504632222040365,0.263629620376464,34.0691890995097,18.7528390385635,17.6622051609428,207.208599371998,49.3855391604559,2.19131995301644,2.51632890886517,-304.868719613538,-78.0373302535962,-69.3873559597741,-9326.01995037019,-531.70010897348,-1.84727380250357,-2.22700221651322,-303.470779604866,-76.6393902449242,-67.9894159511021,-9324.62201036152,-530.302168964808,-0.449333793831532,-0.82906220784118,10.8839618634562,11.2057760805643,10.5621476463481,-1.53236604771166,16.3691291466829,58.3215595710109,6.0424230144456,-1.43309058963602,-1.35668241527781,6.70393480032992,10.5621476463481,91.8232804295686,50.6706939236199,4.25454351197105,6.11203639388955,-30.0553575177302,-34.4593425210062,-25.6513725144542,-0.0281288269089677,-59.7989748653451,-740.77060810039,-9.1197101766673,-0.0342885375957287,-0.0397390812144556,-10.9937890177276,-25.6513725144542,-1833.24227635836,-559.633731070967,-4.97989588092305,-9.30817729062111,-28.6574175090581,-33.0614025123341,-24.2534325057821,0,-58.401034856673,-739.372668091718,-7.72177016799527,0,0,-9.59584900905561,-24.2534325057821,-1831.84433634969,-558.235791062295,-3.58195587225101,-7.91023728194908,4.65925556101743,51.2394013935546,9.76185724232956,-5.79948464739614,-572.22378423404,-22.085864101116,-4.4015446387241,-570.825844225368,-20.6879240924439,53.0174354237572,-612.491650605547,-611.093710596875,107.389283574995,-2506.67157385837,-2505.27363384969
High,Low,salmon,301,11.5,0.487131540323371,0.688605483454816,0.472523257898058,0.0560846869557117,0.0995846103475512,0.133001604084164,16,10.5,23,0.423747827390409,0.319166497779552,0.178636319056432,0.0460683978215059,0.143532976583138,0.166386174813211,0.154825541413178,0.0981104602953808,0.243333603498378,0.210593323247231,0.0319196532475226,0.163662289975329,0.401993355481728,40.9203587183786,0.219246954595792,0.277783385808994,0.0244275156594924,48.5848078279656,24.7263044891442,22.3040565781162,270.393221427972,72.4433111667871,4.87608548991745,4.90967093742729,-638.204883431638,-134.554637280918,-109.772784492493,-15879.0074850354,-1141.85512958236,-6.26675567180609,-6.34089542752289,-636.806943422966,-133.156697272246,-108.374844483821,-15877.6095450268,-1140.45718957369,-4.86881566313405,-4.94295541885086,9.34310445653557,16.2036687738762,2.48254013919495,6.57021578882531,12.9791917433187,60.4146730939601,19.4281458044337,4.30797124255983,2.18436810080942,2.48254013919495,1.46709371589699,45.5905076190211,40.2794581870783,0.409310092226728,2.46159784321588,-31.5295153864969,-60.8734427637275,-2.18558800926629,-10.5999596497534,-38.0953763333295,-794.753172173287,-83.6515091941254,-5.08418137573713,-1.83960335296478,-2.18558800926629,-1.14767080536015,-453.39749408544,-354.311670810831,-0.467046916168909,-2.16014606963989,-30.1315753778248,-59.4755027550554,-0.787648000594247,-9.20201964108134,-36.6974363246575,-793.355232164614,-82.2535691854534,-3.68624136706509,-0.441663344292746,-0.787648000594247,0,-451.999554076768,-352.913730802159,0,-0.762206060967853,18.7829429348,88.4830637806518,39.2532793140113,-78.2833935476282,-1702.44660113333,-336.578045384175,-76.8854535389562,-1701.04866112466,-335.180105375503,43.4865575074376,-412.680627229239,-411.282687220567,10.0218184065232,-23.2138414309865,-21.8159014223144
High,Low,tan,309,9,0.501290882267009,0.699260515439675,0.487348485349718,0.0610647836961325,0.106597572937804,0.141148702447395,23,24,22,0.353856093164693,0.0010025169962518,0.0484076943419013,0.0228290411896156,0.109835079601345,0.142380719677834,0.206159165879962,0.102625794658365,0.428686990020811,0.140422168914063,-0.103081560799278,0.0982921440733704,0.181229773462783,5.13464942817442,0.101605514226873,0.473841403308077,0.0810898039261968,49.6744387839574,24.7888078853515,22.2689564573707,280.028196674757,74.5600696825633,6.29030230328678,6.45636253346714,-672.332626964122,-135.227771054399,-109.432372429978,-17030.6189453583,-1209.43748287384,-9.80017857069132,-10.2706346733248,-670.93468695545,-133.829831045727,-108.034432421306,-17029.2210053496,-1208.03954286517,-8.40223856201928,-8.87269466465274,2.64916127475741,1.6321343891887,3.66618816032612,1.06396127710954,-1.37645788784058,14.9515362153382,2.20030750126786,-0.940564075589575,-1.4143142285867,3.66618816032612,1.52011728723334,73.3664821841892,26.8797143438246,-1.68309028459341,1.69621957016882,-2.62983799986893,-1.34992136668224,-3.90975463305561,-0.842624474304555,-0.0382657374837722,-50.1186231433973,-1.85721825905993,-0.082738304418028,-0.0355682094863531,-3.90975463305561,-1.19218939552455,-1171.09024707092,-158.722130368385,-0.0205330324031867,-1.34753943930063,-1.37072687478876,-0.229639125193945,-2.51181462438357,0,0,-48.7206831347253,-0.45927825038789,0,0,-2.51181462438357,0,-1169.69230706225,-157.324190359713,0,0,3.4732909396902,6.93134023354602,8.31171294461322,-3.5899674251933,-11.6810271846978,-16.3263783728455,-2.19202741652126,-10.2830871760258,-14.9284383641734,76.6469654834334,-1277.97100161841,-1276.57306160974,41.0289585139624,-367.55276960925,-366.154829600578
High,Low,turquoise,1065,14,0.480223279751742,0.675449683139697,0.456065571707934,0.0601475188248637,0.125746315970259,0.148523258939073,12,12,12,0.363000284258677,0.400398161429086,0.183691971073397,0.0333784511953753,0.114776266034665,0.145907574814039,0.555207507556176,0.39703482882074,0.537178930260315,0.308794361955176,0.432829407737464,0.518683146643179,0.236619718309859,144.784571668064,0.125673338275266,0.358822379091936,0.0875103142456436,101.968772773223,46.8548084969848,41.9478500950436,692.439358677552,157.082737049461,23.5734647208046,15.3612740061409,-2919.74483785625,-478.789248726341,-384.119136228012,-104119.319026962,-5360.70042698616,-122.442802242837,-52.8272991859957,-2918.34689784758,-477.391308717669,-382.72119621934,-104117.921086953,-5359.30248697749,-121.044862234165,-51.4293591773237,20.9787526926515,23.4217386430467,18.5357667422563,3.71108469968494,28.3034255652248,156.411350206297,18.5400517208686,0.727702786474286,-2.33735918760547,16.4727744630486,18.5357667422563,107.216266252781,142.60007581921,12.5654503607766,15.1118569251005,-101.165788264891,-126.056934030272,-76.2746424995093,-3.98637705225932,-175.804627766773,-5314.99432647102,-76.3092402937718,-0.631903293787757,-0.00423771946332511,-60.5408456317994,-76.2746424995093,-2498.60809295582,-4418.19495597339,-35.7864720825872,-51.169817948174,-99.7678482562189,-124.6589940216,-74.8767024908373,-2.58843704358728,-174.406687758101,-5313.59638646235,-74.9113002850998,0,0,-59.1429056231274,-74.8767024908373,-2497.21015294714,-4416.79701596472,-34.3885320739151,-49.771877939502,11.7345070398595,277.717222090446,28.0252801055171,-31.3725365401133,-16750.7265616717,-172.398179065689,-29.9745965314413,-16749.328621663,-171.000239057017,107.151247015319,-2495.58122864797,-2494.1832886393,117.339293739102,-2992.26249201096,-2990.86455200229
High,Low,yellow,887,16.5,0.469410496034519,0.658452058781046,0.433325392872579,0.0619622404106221,0.141092867615398,0.155817629507234,7,6.5,9,0.445407409661783,0.462692598866423,0.218499495839597,0.0674929028688213,0.193358159198288,0.222137538500921,0.548768589667281,0.479819593814677,0.42941862082381,0.332709886015446,0.443959592381042,0.535758268123825,0.423900789177001,114.346248841945,0.209217159828066,0.216092762220974,0.0351667670735539,90.2552710132857,39.4542291989042,35.0143047183224,578.101805492642,141.056312827667,25.2374663914943,15.4035584835793,-2331.55827702467,-340.014718406335,-268.166539665801,-72574.1376320424,-4323.101835643,-140.109344064771,-53.1109645157838,-2330.160337016,-338.616778397663,-266.768599657129,-72572.7396920337,-4321.70389563433,-138.711404056099,-51.7130245071118,33.0482866855236,43.4142838172626,22.6822895537846,13.9264382190177,29.1948811553459,154.608304283976,57.6336864791793,20.7059778035498,18.8687855688575,16.447490672083,22.6822895537846,76.8195588908925,127.481205308578,13.9122771384803,17.5381989356258,-284.335862517143,-455.196836404017,-113.474888630269,-43.6599107185035,-186.948419795259,-5193.21687106344,-723.445253012775,-94.8153616655409,-78.9872095484569,-60.3594410531468,-113.474888630269,-1283.72362449814,-3531.46376531589,-43.5738681783254,-68.4364527294487,-282.937922508471,-453.798896395345,-112.076948621597,-42.2619707098315,-185.550479786587,-5191.81893105477,-722.047313004103,-93.4174216568688,-77.5892695397848,-58.9615010444747,-112.076948621597,-1282.32568448946,-3530.06582530722,-42.1759281696534,-67.0385127207766,30.6768948197266,226.648022421967,62.7353526755015,-206.237522963979,-11157.4618754869,-856.828423516153,-204.839582955307,-11156.0639354782,-855.430483507481,69.4369594306895,-1049.21431132045,-1047.81637131178,32.307224745561,-228.557707678089,-227.159767669417
